epoch,loss
0,0.00671658181094
1,0.00249005343874
2,0.0013956730478
3,0.000922209085192
4,0.000668980845931
5,0.000523954188981
6,0.000439289021239
7,0.000387254496073
8,0.00035248768596
9,0.000327298289026
10,0.000307932834994
11,0.000292431874609
12,0.000279720735253
13,0.000269145239009
14,0.000260266008254
15,0.000252767928972
16,0.000246428687951
17,0.000241036095191
18,0.000236441566352
19,0.000232535103203
