epoch,loss
0,0.198891895366
1,0.0174691306487
2,0.00597575816007
