epoch,loss
0,0.00209914861327
1,0.00413057347559
2,0.000504619389983
3,0.000296446277983
4,0.000291876286731
5,0.000292039135595
6,0.000291594038454
7,0.000290972564389
8,0.000290361943413
9,0.000290343063679
10,0.000290470716863
11,0.000290523438468
12,0.000290487768331
13,0.000290397646953
14,0.000290194316927
15,0.000289943126006
16,0.000289652737787
17,0.000289339986823
18,0.000289194619396
19,0.000288974058882
